{
    "ret": 0.40940448157442083,
    "cameraMatrix": [
        [
            875.3909362574609,
            0.0,
            937.5905162655017
        ],
        [
            0.0,
            875.0892421281872,
            696.5357326947774
        ],
        [
            0.0,
            0.0,
            1.0
        ]
    ],
    "distortion": [
        [
            -0.26642974870220665,
            0.09254739979324747,
            -4.680319229212443e-05,
            0.00027064439849107,
            -0.016277583882737236
        ]
    ],
    "rotations": [
        [
            0.0418189217149504,
            -0.22431377759980706,
            -1.6062348555217136
        ],
        [
            0.19980961745507386,
            -0.377963451104271,
            -1.6055294697789797
        ],
        [
            -0.4800894584300854,
            0.23576625115364772,
            -1.5239247048906588
        ],
        [
            -0.39135902852963034,
            -0.06474850545795816,
            -1.5185794161158133
        ],
        [
            -0.3633966993475628,
            -0.3908967006391602,
            -1.5541436751882765
        ],
        [
            0.114227867103646,
            0.18331475306956915,
            -1.5038082934058004
        ],
        [
            0.15090196991215374,
            0.2088191447028275,
            -1.528752209872161
        ],
        [
            -0.06357397947636176,
            -0.06475819563088726,
            -1.5684998110134158
        ],
        [
            -0.30052969173264693,
            -0.26159374760212073,
            -1.5582788123164206
        ],
        [
            -0.33365435607447813,
            0.21726240013415227,
            -1.52176753105541
        ],
        [
            0.1854164623188077,
            -0.41468126634409275,
            -1.5888991545145759
        ],
        [
            0.022978054977062796,
            -0.28164893183404277,
            -1.6023461500376799
        ],
        [
            -0.12824194628838897,
            -0.17471334322443713,
            -1.5881701441657499
        ],
        [
            -0.18710987588169636,
            -0.11593781331852374,
            -1.546223314421921
        ],
        [
            -0.3131061860732647,
            -0.23300746807100056,
            -1.5457739195963154
        ],
        [
            -0.0539624665146231,
            -0.4890987026175636,
            -1.6347698032416447
        ],
        [
            -0.3212451709218774,
            0.1348661855630528,
            -1.518019737353175
        ],
        [
            0.10172026415866255,
            0.06031475294752752,
            -1.4650836321847793
        ]
    ],
    "translations": [
        [
            -11.5803559051829,
            7.478436838896486,
            11.09140888183944
        ],
        [
            -11.385919826255451,
            7.15382864962534,
            9.381639387703025
        ],
        [
            -12.356397357169525,
            7.013299163843081,
            22.097185888825187
        ],
        [
            -14.822625314290368,
            7.116829870621473,
            17.055594183340023
        ],
        [
            -12.653036602691895,
            4.6898276475657115,
            12.768107081594067
        ],
        [
            -14.733856059359944,
            7.541776131507119,
            17.863590065574552
        ],
        [
            -13.989684088630886,
            8.743643369197974,
            16.21975543397565
        ],
        [
            -13.215032340845273,
            6.591662158548505,
            13.214644065739293
        ],
        [
            -12.879260916493351,
            3.739618095326221,
            12.547462090601151
        ],
        [
            -14.303162265252512,
            7.454691759839394,
            19.33681766409696
        ],
        [
            -11.256570641474433,
            7.410143506508831,
            9.957742939777717
        ],
        [
            -14.182648270675505,
            7.501677072075757,
            10.598954989996441
        ],
        [
            -13.208031558923206,
            7.139646047198019,
            11.857924974026025
        ],
        [
            -13.454495370258883,
            7.0241945392651814,
            11.571514323220207
        ],
        [
            -12.042695909006314,
            7.997233655971271,
            18.640943273041234
        ],
        [
            -9.103543103978271,
            5.254335291529073,
            14.38247791679569
        ],
        [
            -16.756972696353724,
            4.809859854156476,
            19.843393022979352
        ],
        [
            -17.065277805215025,
            7.307528283996489,
            13.797155953696986
        ]
    ]
}